{"index":{"0":0},"sequence":{"0":"GGGAACGACUCGAGUAGAGUCGAAAAGGCAGUGUGAGUACCUUCACACGUCCACAAAUUUCGAUUUGUGAAAAGAAACAACAACAACAAC"},"Argi_pred":{"0":[-0.0210809968,-0.0235807821,-0.0381539725,-0.0295263343,0.0009141776,0.0258456841,0.0014323585,0.0153117562,-0.0591168515,-0.0231077503,-0.0477924757,-0.0906328931,-0.1786773056,-0.0199853927,-0.0566782095,-0.0601446964,0.0174998082,0.0057697636,0.0082639176,0.0044976799,-0.0207926147,0.0332924128,0.0176113863,-0.0153917149,0.0328229927,0.0056182072,0.0290406905,0.024105262,-0.0243095346,0.0131949224]},"Eryt_pred":{"0":[-0.0170900784,-0.0258091129,0.0553473011,0.0529161021,-0.0075962655,0.0251201168,-0.0005085804,0.0143909566,-0.059699066,-0.0156989694,-0.0265112184,-0.028850602,-0.006906895,0.0089506209,0.0094196089,0.0023631714,0.0129619986,0.0037328489,0.0056276768,0.0022367537,-0.0237741023,0.0423546955,0.0080463104,-0.0104993228,0.0318247154,-0.0035384521,0.0097176097,0.0213166252,-0.0214369409,-0.0245388225]},"Kana_pred":{"0":[-0.0107775321,-0.0160397626,-0.0222990625,0.0018432233,-0.0047066798,0.0283331163,0.0032532122,0.0195334312,-0.0643586963,-0.0155311143,-0.0110469749,-0.0179104954,-0.0757301897,-0.005026768,-0.042944435,-0.0531696826,-0.0084693274,-0.009941536,0.007740275,0.0037728543,-0.0190783665,0.0301264524,0.0261190571,0.0045692036,0.022695981,0.001405078,0.0390150324,-0.0070525697,-0.0200335085,0.0165502988]},"Mito_pred":{"0":[-0.310108602,-0.0823595971,0.053757526,0.0657884702,-0.214941591,-0.2281984389,-0.232598722,-0.3281780481,-0.6657016277,-0.298737824,-0.1159538403,0.2124070823,0.6306862235,-0.006357614,-0.1089563817,-0.1108561754,-0.7095815539,-0.3219980896,-0.2175439596,-0.0351473987,-0.2151405215,-0.3413615525,-0.2937554121,-0.1164874807,-0.0589127354,-0.2071023583,-0.3331050575,-0.2334052324,-0.2086250186,-0.4232923687]},"Paro_pred":{"0":[-0.0730790645,-0.0346241705,0.0432447754,0.1491153091,0.0016203411,-0.0027737282,-0.0273956321,-0.0330321938,-0.1586077958,-0.0835312754,-0.0631604418,0.1236542016,0.562579751,0.0536027439,-0.1392930895,-0.2015082538,-0.2226371169,-0.0451781824,0.0000007264,0.0021047071,-0.0339814611,-0.0722382069,-0.0239772238,-0.1417464465,-0.0002014898,-0.0576615892,-0.1106351167,-0.2082327455,-0.2031531632,-0.3456074595]},"Spec_pred":{"0":[-0.0124473535,-0.0250014365,0.0040802285,0.0305002704,-0.0091635585,0.0238757208,-0.0063539483,0.0160470195,-0.0710154399,-0.0134339929,-0.0255088359,-0.0244840682,0.0265713669,0.0063257813,-0.0293519571,0.0170441046,0.004091505,0.0003324002,0.0062327757,0.0040452778,-0.026903823,0.0218304526,-0.004804749,-0.0277182385,0.0305496231,-0.0133508965,0.0116888192,0.0126780923,-0.0453104004,-0.036214903]},"Tetr_pred":{"0":[-0.1127274334,-0.0258210152,-0.0120513812,0.0733203068,-0.0220173523,-0.0021457002,-0.0342083573,0.0067034438,-0.1560185552,-0.0594645366,-0.074214831,0.0445390269,0.097626783,-0.0086175427,-0.1509327292,-0.1488714367,-0.0913400576,-0.0253811851,-0.0120182559,0.0019791573,-0.0500288457,-0.0742352009,-0.1906783432,-0.1438280344,-0.1310913265,-0.2083569467,-0.4072869122,-0.2225850523,-0.2523999214,-0.4417356253]},"NoDr_pred":{"0":[0.3444895148,0.047385402,0.8382826447,0.5957584977,0.052889742,0.0567666478,0.028746143,0.0527811237,0.0451188609,0.1552683115,0.2519082427,0.7138164639,1.4868558645,0.1971997917,0.0820962712,0.5825771093,0.1817656755,0.0107532218,0.0250396281,0.008931756,0.0033029988,0.1021919027,0.2569301724,0.2571363151,0.1639691591,0.0907188058,0.4607892931,0.2790702283,0.3699476123,0.8177496195]}}