{"index":{"0":0},"sequence":{"0":"GGGAACGACUCGAGUAGAGUCGAAAAGGCAGUGUGAGUACCUUCACACGUCCACAAAUUUCGAUUUGUGAAAAGAAACAACAACAACAAC"},"Argi_pred":{"0":[0.4222718477,0.0825895891,0.7991927862,0.5416948795,0.0270023532,0.0360048674,-0.000418663,0.0045085736,0.0889792368,0.235907048,0.3775360882,1.2262837887,1.5800081491,0.2013716549,0.2708343267,0.7737215757,0.2297856659,0.0209645703,0.0173471179,0.0038266927,0.0008143075,0.0311682187,0.1488811821,0.2467243224,0.1714285016,0.0640030354,0.3663500547,0.2603021562,0.3654274344,0.7126550078]},"Eryt_pred":{"0":[0.4220667481,0.0892127529,0.7694797516,0.5023870468,0.0268189758,0.0340863615,0.0049847849,0.0112163424,0.0940500647,0.2384617776,0.3830838799,1.1855540276,1.5452548265,0.1868186295,0.2338469028,0.7302632332,0.2393592298,0.0200200193,0.0184290893,0.0043157227,0.0016125273,0.037184298,0.163624689,0.216070652,0.1617945433,0.0665664077,0.3746301532,0.2727427185,0.3846783638,0.7515102625]},"Kana_pred":{"0":[0.4177178741,0.0875923783,0.8072222471,0.5171257854,0.0255553406,0.0348538049,0.0044648908,0.0102156736,0.0896374136,0.2366418093,0.3582753837,1.1551244259,1.498596549,0.2087784261,0.2665385008,0.7735052109,0.246644631,0.0287513994,0.0205467865,0.0088296216,0.0020798258,0.0427433103,0.1422850341,0.2283412665,0.1788861006,0.0703658834,0.3720794916,0.2973488867,0.3866963983,0.725767076]},"Mito_pred":{"0":[0.7411216497,0.2134665698,0.7488640547,0.4269723296,0.1756372452,0.2540890574,0.2558271885,0.5149122477,0.751712203,0.4623290598,0.4069213569,0.6134274006,0.8969166279,0.2213092297,0.3537011445,0.7942868471,1.1479564905,0.2609088719,0.2951436043,0.084117353,0.2187589109,0.3403866589,0.3426346779,0.3796729743,0.2901767492,0.2102044821,0.6971293688,0.581291914,0.6549506187,1.2185052633]},"Paro_pred":{"0":[0.5116474628,0.131523788,0.7543369532,0.3741403818,0.0449510068,0.0620235316,0.0284934565,0.0586972386,0.1542339772,0.2584783137,0.3091728985,0.7478203773,0.9639588594,0.1744438261,0.3371624649,0.8114256859,0.4912534356,0.0573021732,0.0382825024,0.0103776045,0.0277737901,0.0919803232,0.1803396493,0.4469576478,0.2180504948,0.0976488963,0.4295594394,0.4561313987,0.5058332682,0.9780801535]},"Spec_pred":{"0":[0.4322460294,0.0826041847,0.7768732905,0.5002403855,0.0279887691,0.0360679775,0.0082159191,0.014705278,0.1079104021,0.2472869456,0.3933390081,1.1804673672,1.5091924667,0.1893638968,0.2512737811,0.7300330997,0.2422707975,0.0238919184,0.0219806209,0.0050345585,0.0054145679,0.0476580597,0.1768599749,0.2171896398,0.1721854806,0.0704617351,0.383251518,0.2782885432,0.3789531291,0.7355137467]},"Tetr_pred":{"0":[0.56550771,0.1396605074,0.7595505118,0.4413566589,0.0390235111,0.0589617863,0.0341766477,0.0621055812,0.2267689407,0.252204895,0.3902802765,0.9059579968,1.2372499704,0.2213921547,0.3529700935,0.8506376147,0.4234347045,0.0491789989,0.0327707678,0.015962135,0.0328148343,0.1170537993,0.3208070695,0.3952941,0.3212407529,0.1463840306,0.6023449302,0.4725249708,0.6180000901,1.1704194546]},"NoDr_pred":{"0":[0.4177447557,0.0816906914,0.7613145709,0.4954379201,0.0277621746,0.0369575918,0.0069028474,0.0118213482,0.0887657553,0.2356754839,0.3910883665,1.1947900057,1.5120384693,0.189538002,0.2674188316,0.7452516556,0.2511753738,0.0222470239,0.021048259,0.0050266758,0.0043457896,0.0417199582,0.1669612229,0.2390429378,0.1687877774,0.0701487064,0.369022429,0.2597646713,0.3587455451,0.7144520283]}}