{"index":{"0":0},"sequence":{"0":"GGGAACGACUCGAGUAGAGUCGAAAAGGCCAGAUUGAGCCUGGGAGCUCUCUGGCCCACAAAUUUCGAUUUGUGAAAAGAAACAACAACAACAAC"},"Argi_pred":{"0":[-0.0480801314,-0.0772390068,-0.0134033542,-0.0074023241,0.0036959867,0.0240923092,0.0630160198,0.1181979999,0.0235518627,0.0583145656,-0.0000572347,-0.0282407217,0.0316755809,0.0947315469,0.1239082143,-0.1200101525,-0.048672013,-0.0109909503,-0.0659176707,-0.0102247912,0.0241983142,0.0332766064,0.014723191,-0.0841473565,0.0070893541,-0.0587669238,-0.0497425236,-0.0289956369,-0.0552032329,-0.0633265376]},"Eryt_pred":{"0":[-0.0462808162,-0.0655306876,-0.0136081502,-0.009141447,0.007064186,0.009831246,0.0551913753,0.081775941,0.1292447746,0.0416248739,-0.0053059235,-0.0318461731,0.0341474339,0.1467340589,0.2316750586,0.131111145,0.1013166383,0.0335173979,0.0539646447,-0.0185461715,0.0231361985,0.0404540673,0.0142725557,-0.0766756237,0.0055969395,-0.0512389988,-0.0422713682,0.0192295164,-0.0304504577,-0.0592104457]},"Kana_pred":{"0":[-0.0411375202,-0.0677840263,-0.0121340984,-0.0096756155,0.0076746475,0.017370699,0.0595619194,0.081891343,-0.0421026908,0.03847735,-0.0054375473,-0.029558599,0.0347531773,0.0968050361,0.0768292546,-0.1733614504,-0.0814690739,-0.0038152477,-0.1072042584,-0.0146965934,0.0214500353,0.027146481,0.0122503648,-0.0651209205,-0.0000059986,-0.0683884472,-0.0263839774,0.0158366263,-0.0463969894,-0.0613793768]},"Mito_pred":{"0":[-0.2250563204,-0.0360841379,-0.0588800609,-0.0722270533,-0.0926367491,-0.1354296505,-0.4059551954,0.08502727,-0.1499814391,-0.1298749447,-0.0489594787,-0.1449764669,-0.0194918811,-0.0278597325,0.2610358,0.4236653745,0.3188380599,0.0892457739,0.2324705422,-0.1362336129,0.0019146129,-0.0711753443,-0.0581260622,-0.1326622367,-0.1565582454,-0.4049067795,-0.0736249238,0.0855583772,0.0080038831,-0.0564948171]},"Paro_pred":{"0":[-0.038467139,-0.0826954246,0.0161422975,0.0119593777,0.0302036516,0.0179677643,-0.1435970068,-0.0898992717,-0.5855907202,0.0096861608,0.0000256933,-0.0629166588,0.0264501758,-0.0635285676,-0.0550148822,-0.3521485925,-0.1053041145,-0.0840931535,-0.0538419373,-0.0052595623,0.0374748744,-0.0293998532,0.0090468712,-0.1070254445,0.0111837946,-0.0343037695,-0.0166629031,-0.1268118918,-0.0897186697,-0.0856564939]},"Spec_pred":{"0":[-0.0433261842,-0.0721966699,-0.0130511373,-0.012385197,-0.0005494282,0.0109137576,0.0241882745,0.1052508652,0.1147260889,0.0412978232,-0.001745645,-0.0370870903,0.0354049355,0.1114335954,0.2136184871,0.0520693362,0.0751273334,0.0263920091,0.0194704849,-0.0180881061,0.0289143939,0.0497321039,0.020510437,-0.0607409179,0.0053258017,-0.051794,-0.0614638031,-0.0443776995,-0.0526163653,-0.0636735111]},"Tetr_pred":{"0":[-0.067031458,-0.068048887,-0.0120622516,-0.0050407052,0.0303626806,0.0314320847,0.024804391,0.1234392896,-0.0077706054,0.0322823748,-0.0020997152,-0.047827512,0.0213352218,-0.0889884606,-0.0252340734,-0.250467211,-0.1641072333,0.0033331513,-0.1324992627,-0.0013144091,0.0387747958,0.0171583965,0.0160047337,-0.0871988237,-0.0049291179,-0.0480868071,-0.079543069,-0.0900070369,-0.0609874427,-0.1199052036]},"NoDr_pred":{"0":[-0.0068401173,-0.1119219437,0.0052928925,0.0060713887,0.0727050006,0.107995443,0.7435771823,0.9670997858,1.7776043415,0.0994247198,-0.0028720424,-0.0378547162,0.0761175752,0.3503790796,1.0150073767,1.0485160351,0.7336804271,0.2740136981,0.5581101179,-0.0176858753,0.0217301846,0.0163154975,0.0150684789,-0.0852089748,0.0006363317,-0.0526208878,0.0395259261,-0.1976409256,-0.1056321189,-0.0699804202]}}