{"index":{"0":0},"sequence":{"0":"GGGAACGACUCGAGUAGAGUCGAAAAGGCCAGAUUGAGCCUGGGAGCUCUCUGGCCCACAAAUUUCGAUUUGUGAAAAGAAACAACAACAACAAC"},"Argi_pred":{"0":[0.023451332,-0.0322077163,0.0354798362,0.0056267288,0.0472927727,0.1015711278,0.6626704335,0.8167109489,1.6657421589,0.0311815888,0.0224956125,0.016619321,0.084924221,0.4161432087,0.9982992411,0.9659535885,0.7582705021,0.2651180923,0.621034503,-0.025062602,-0.0399064608,-0.040265169,-0.0358529724,-0.0328588076,-0.0197759271,-0.0106943659,0.0183153078,-0.0651847869,-0.0707342178,-0.0014780872]},"Eryt_pred":{"0":[0.0178937353,-0.0360570922,0.0271122698,0.0023897327,0.0414849445,0.0895573422,0.6457965374,0.7661652565,1.6192294359,0.0278849918,0.0143015943,-0.0031288899,0.0557085685,0.3776907325,0.9015034437,0.884745717,0.6815065145,0.2483969331,0.5802903175,-0.0334600136,-0.0466379523,-0.0459005162,-0.0406179354,-0.0373689681,-0.0178030357,-0.0129402019,0.0101839751,-0.083188273,-0.0897453502,-0.0090268627]},"Kana_pred":{"0":[0.0236915387,-0.0351639502,0.0344756767,0.0098330565,0.0459791645,0.0933251083,0.6588689089,0.8353322148,1.769557476,0.0316359885,0.0205556117,-0.0030656941,0.0712266564,0.4283191562,1.0371009111,0.9692162275,0.7918268442,0.2585715055,0.6413904428,-0.0338637866,-0.0383490734,-0.0401434712,-0.0357169546,-0.0375438444,-0.0142648965,-0.0075592212,0.0159555674,-0.0848109573,-0.0858260989,-0.0012357011]},"Mito_pred":{"0":[0.2439838052,-0.0496594906,0.1055317372,0.1121081859,0.1311332881,0.1645593047,0.9968912601,0.8200991154,2.2793550491,0.1039004475,0.0387381352,0.0497684889,0.0764627904,0.5139889121,0.6479787827,0.3577776849,0.3641523719,0.1610212326,0.4030229747,-0.0192889869,-0.0104891285,0.0022826791,0.0310026929,0.0150918439,0.0639141053,0.3315237761,0.1395493448,-0.1308102608,-0.1169830561,0.0168519467]},"Paro_pred":{"0":[0.0381784327,-0.0140655227,0.0388197191,0.0120765753,0.050336156,0.1156678349,0.7200956345,1.0315191746,1.9446897507,0.0387986489,0.0281983092,0.081221953,0.1266415119,0.5231074095,1.2265292406,1.0855460167,1.0283381939,0.3082541525,0.6770248413,0.0221681334,-0.0143772885,-0.0123471469,-0.0178954378,0.0001544021,-0.0255315155,0.0060043391,0.0331061147,-0.0248974636,-0.0213630199,0.0280630812]},"Spec_pred":{"0":[0.0236676112,-0.0364212319,0.0309285372,0.0072377101,0.0459524579,0.0967139229,0.6546980739,0.7882309556,1.5970475674,0.0301854089,0.01401712,0.0066706389,0.0691269487,0.4078011215,0.9393288493,0.8895775676,0.6777005792,0.2428932786,0.5667821169,-0.0329059288,-0.0384645537,-0.0408228859,-0.0354733095,-0.0371291265,-0.0169574544,-0.0097794756,0.0185909942,-0.070573993,-0.0754429772,-0.0015807673]},"Tetr_pred":{"0":[0.0401029289,-0.0306913033,0.0398737229,0.0112006832,0.0481203869,0.1064596102,0.6851037741,0.8588212132,1.6206768751,0.0327926949,0.0152063575,0.028769033,0.1135244891,0.5317729115,1.0561032295,0.9666827917,0.7951843739,0.280084163,0.587431848,-0.0111395679,-0.028416723,-0.0276442096,-0.0197603777,-0.0083577633,-0.0087815672,0.0071194433,0.0412852764,-0.0624708086,-0.0571955815,0.0123331882]},"NoDr_pred":{"0":[0.022242792,-0.0410192981,0.0311039723,0.0059089288,0.046435371,0.0997753665,0.6484112144,0.8114317656,1.5701400042,0.0309507325,0.0147932805,0.0116368681,0.0723636597,0.4053503573,0.9703357816,0.9240064025,0.6975662112,0.2551614344,0.5876690149,-0.0323234946,-0.0403510556,-0.0434958041,-0.0379243419,-0.037512213,-0.0211100206,-0.0147662908,0.0171484947,-0.0754322186,-0.0771740153,-0.0012203529]}}