{"index":{"0":0},"sequence":{"0":"GGGAACGACUCGAGUAGAGUCGAAAACGCGUCACACCGGUGAAGUCGCCACAAAUUUCGAUUUGUGAAAAGAAACAACAACAACAAC"},"Argi_pred":{"0":[-0.0019616913,-0.019553218,-0.0026799273,0.0091500953,0.0141415568,-0.0206077099,-0.0028171414,-0.0118213203,-0.0335123725,-0.1000583991,-0.055016242,-0.0036913399,-0.0172923785,-0.0518411249,0.0445636623,-0.0251903776,-0.0254651364,0.0419397391,0.0629851148,-0.0329609774,0.0493405052,0.0182590578,-0.0042366879,0.0339269564,0.0106037445,-0.0073585287,0.0263162367,-0.024364356,-0.0347616673,-0.0325991064]},"Eryt_pred":{"0":[-0.0098794792,-0.0267057922,-0.0103885997,-0.0124890022,0.005557891,-0.0294298418,-0.0116555505,-0.009666726,-0.0343504623,-0.0908899307,-0.0398271382,0.0016399845,-0.041595336,-0.0655613989,0.0110075623,-0.0596277341,-0.026336778,0.0034253821,0.0094814226,-0.0505371243,0.0236045048,-0.0103825908,-0.0176614672,-0.0011177883,-0.0173626654,-0.0494493507,-0.0564625561,-0.0645613372,-0.066675432,-0.0606602617]},"Kana_pred":{"0":[-0.0470954739,-0.0215523243,-0.0405862704,0.0044517228,0.0260939077,-0.0308507681,0.0081438618,-0.0088505512,0.0218991712,-0.0978323147,-0.0812369138,0.0118905241,-0.0045604287,-0.0441399477,0.0308664553,-0.0097738216,-0.0065085413,0.0629790425,0.0515730344,-0.0818747133,0.0458793789,0.0031050118,-0.0130845914,0.0115757706,-0.0275074579,-0.0232464783,0.0059217261,-0.0048112748,0.0075274678,0.0113046216]},"Mito_pred":{"0":[-0.0880175382,-0.0716423094,-0.1380078793,-0.1831426322,-0.178683579,-0.1167600751,-0.0483284555,0.0260653719,0.3026520908,0.2558104694,-0.1058344916,0.0933702067,-0.1007414684,-0.2784326375,-0.006043002,0.1671871543,0.0098650903,0.2397433817,0.0923811719,-0.1843244731,0.0235501006,-0.0397145562,-0.1578103006,-0.3523992598,-0.2306650579,-0.2014055252,-0.4040893018,-0.3021554053,-0.0504006371,0.3896600902]},"Paro_pred":{"0":[-0.0776492208,-0.0311108567,-0.0965222418,0.0357440822,0.0664779991,-0.0080515258,0.0519360639,0.042239029,0.3572791517,0.2136830539,0.0688044578,0.199016124,0.1127773374,0.051931303,0.0844015777,0.1811328679,0.0721139759,0.163473174,0.1684955508,-0.1028790921,0.059367124,0.0478309132,-0.0281918645,-0.0298364684,-0.1440846324,-0.1054086387,-0.2068723142,-0.1288012862,-0.0597294755,0.0803386122]},"Spec_pred":{"0":[-0.0210296139,-0.0254575834,-0.0119524859,-0.0146587864,0.0080640689,-0.0195965618,-0.0027085133,0.0049378686,-0.0088158436,-0.0515601486,-0.0098106451,0.0345038101,-0.0378155038,-0.0686956495,0.0236505345,-0.0430093408,-0.0185312107,0.019139763,0.0474556498,-0.0384245589,0.0409042239,-0.0084964372,-0.0143921115,-0.0005320981,-0.0172664896,-0.0544163287,-0.0335951149,-0.042393662,-0.0262717903,0.0421977639]},"Tetr_pred":{"0":[-0.1028428003,-0.0740074143,-0.1168780625,-0.158113569,-0.0316144563,-0.077873081,-0.0002096146,0.0146063641,0.1955738664,0.0931230262,-0.0682874918,0.1114016101,-0.0572044179,-0.0754178986,0.0154532492,0.1007622406,0.0262722075,0.0435480997,-0.0874682665,-0.1921362579,-0.0875129625,-0.1900228262,-0.0856599733,-0.193602711,-0.1526641548,-0.1945957839,-0.2958213091,-0.214302659,-0.1156049073,0.0761632696]},"NoDr_pred":{"0":[0.3790400922,0.1000496522,0.1422177255,0.4148536026,0.387981087,0.2296465337,0.2583895028,0.2391020656,0.8516818881,0.71933496,0.6170703769,0.5904094577,0.354613483,0.6705967784,0.5388023257,0.8399310708,0.2853675783,0.5995284915,0.854793787,0.2431809902,0.3130177259,0.2552701235,0.0381038189,0.2571474612,0.2549587786,0.3234275281,0.6905958056,0.6559829116,0.9151476026,1.4708676338]}}