{"index":{"0":0},"sequence":{"0":"GGGAACGACUCGAGUAGAGUCGAAAACGCGUCACACCGGUGAAGUCGCCACAAAUUUCGAUUUGUGAAAAGAAACAACAACAACAAC"},"Argi_pred":{"0":[0.5231909752,0.140635848,0.1621256024,0.3468336165,0.4191779792,0.1264938563,0.1908073574,0.1718592495,0.6363888979,0.7181489468,0.589033246,0.6338088512,0.3658378422,0.698916316,0.5368228555,0.8412769437,0.320458442,0.6169233918,0.6879233718,0.2787637711,0.1954544932,0.2542697489,0.0467742085,0.2892333269,0.1837680191,0.4196562171,0.6774752736,0.5066353083,0.7914558053,1.3669595718]},"Eryt_pred":{"0":[0.5340121984,0.1543857753,0.1738887131,0.3688080609,0.4436454475,0.1334432811,0.2009601891,0.175222367,0.6451684237,0.7240843773,0.5612757206,0.6298866272,0.3814393878,0.7196899652,0.5571436882,0.8643945456,0.320651859,0.6319094896,0.7165173292,0.2960456312,0.2098105699,0.2593158484,0.0560456365,0.3347576559,0.2154393792,0.4668292105,0.7328615189,0.5704416037,0.838650465,1.3932765722]},"Kana_pred":{"0":[0.5584580898,0.1432076246,0.1786018759,0.3487480879,0.4081423879,0.1376633346,0.1829596013,0.1730954051,0.5987137556,0.7299441099,0.5950407982,0.596685946,0.354465425,0.691092968,0.5454329848,0.8244770765,0.3111252487,0.5895832777,0.7178044915,0.3341503739,0.1880042106,0.2667555213,0.0578883961,0.3021928072,0.2177848667,0.4448948503,0.6922758222,0.5197831392,0.8191891909,1.3737895489]},"Mito_pred":{"0":[0.5792086124,0.174051553,0.2319636196,0.4816068709,0.611043334,0.2456376851,0.2681940794,0.1931119561,0.4416867793,0.6444730759,0.7588642836,0.6563893557,0.3805720806,1.0390048027,0.6561297178,0.6955167055,0.2651076913,0.4562707841,0.7387375832,0.5708064437,0.2584446073,0.3174794912,0.2005931437,0.7702305317,0.5460458398,0.8594117165,1.2727265358,1.036998868,1.1386783123,1.202270031]},"Paro_pred":{"0":[0.5722180605,0.1606252193,0.1844286621,0.2941066921,0.3633535802,0.1380848289,0.1567514092,0.1389539391,0.3608781993,0.559507966,0.5409008265,0.4419496953,0.2640686333,0.6953068972,0.5288330317,0.6868084669,0.2305978537,0.5316849947,0.7413617373,0.4426462948,0.2202169299,0.2941038311,0.0751548856,0.3874734938,0.3549821675,0.5375005007,0.9374918938,0.7192519903,1.0635566711,1.4039878845]},"Spec_pred":{"0":[0.534288764,0.1443218291,0.1655568779,0.3680566549,0.4552595317,0.1341274083,0.195233345,0.1720484197,0.6218069792,0.7027445436,0.5671722889,0.6311885715,0.3772610128,0.7148475051,0.547260046,0.8501169086,0.3105870187,0.6258303523,0.6970184445,0.290658474,0.2073208541,0.2593520284,0.059202794,0.3244090974,0.212700069,0.4491493404,0.7085395455,0.54817307,0.8172817826,1.3564411402]},"Tetr_pred":{"0":[0.5881340504,0.1948397458,0.215685755,0.4573350251,0.5080908537,0.1722248793,0.2075690031,0.1879819632,0.50537467,0.7428238392,0.6653379798,0.637953341,0.3746731579,0.7970764041,0.5799514055,0.7135976553,0.2470228076,0.6553177834,0.7926883698,0.4062287509,0.2935704291,0.3612696826,0.1306076199,0.5558033586,0.3966393769,0.6590783,1.060264349,0.8831109405,0.9930573702,1.3707168102]},"NoDr_pred":{"0":[0.5050067306,0.1422043443,0.1594886184,0.3508221507,0.4449843168,0.1288525015,0.1906064153,0.1700766385,0.6230237484,0.6859722137,0.5477493405,0.6255604625,0.3720442951,0.7047193646,0.5389671326,0.836927712,0.3109450936,0.6246920824,0.6913505197,0.2702202499,0.2101624608,0.2558152974,0.0554381758,0.305765897,0.1910342574,0.4244285524,0.6901682019,0.5222868323,0.800794363,1.3415532112]}}